tmid,date,seq_id,exp_time_cmd,exp_time,filter,Alt,Az,current_mean,current_std,alt_std,az_std,electrometer_filename,flag
20240925131537,2024-09-25 13:15:37.406368,1,,1.877899,Empty,71.26709,0.0,-1.6899999999999998e-11,3e-13,,,/home/estevesjh/Documents/keysighB2987A/202409/20240925_1.npy,False
20240925131542,2024-09-25 13:15:42.266317,2,,1.808485,Empty,62.53993,0.0,-1.6699999999999998e-11,4.582575694955839e-13,,,/home/estevesjh/Documents/keysighB2987A/202409/20240925_2.npy,False
20240925131547,2024-09-25 13:15:47.128262,3,,1.808234,Empty,53.07432,0.0,-1.6699999999999998e-11,4.582575694955839e-13,,,/home/estevesjh/Documents/keysighB2987A/202409/20240925_3.npy,False
20240925132158,2024-09-25 13:21:58.982156,4,,1.808321,Empty,71.25923,0.0,-1.93e-11,4.582575694955839e-13,,,/home/estevesjh/Documents/keysighB2987A/202409/20240925_4.npy,False
20240925132203,2024-09-25 13:22:03.852338,5,,1.808473,Empty,62.3536,0.0,-1.95e-11,4.999999999999999e-13,,,/home/estevesjh/Documents/keysighB2987A/202409/20240925_5.npy,False
20240925132208,2024-09-25 13:22:08.717096,6,,1.808251,Empty,52.90911,0.0,-1.93e-11,4.582575694955839e-13,,,/home/estevesjh/Documents/keysighB2987A/202409/20240925_6.npy,False
20240925132213,2024-09-25 13:22:13.579077,7,,1.808221,Empty,43.55306,0.0,-1.93e-11,4.58257569495584e-13,,,/home/estevesjh/Documents/keysighB2987A/202409/20240925_7.npy,False
20240925132218,2024-09-25 13:22:18.441999,8,,1.808266,Empty,34.53079,0.0,-1.91e-11,3e-13,,,/home/estevesjh/Documents/keysighB2987A/202409/20240925_8.npy,False
20240925132223,2024-09-25 13:22:23.304928,9,,1.808241,Empty,25.70154,0.0,-1.95e-11,4.999999999999999e-13,,,/home/estevesjh/Documents/keysighB2987A/202409/20240925_9.npy,False
20240925133101,2024-09-25 13:31:01.132993,10,,1.827411,Empty,69.85949,0.0,-1.97e-11,4.582575694955839e-13,,,/home/estevesjh/Documents/keysighB2987A/202409/20240925_10.npy,False
20240925133105,2024-09-25 13:31:05.989525,11,,1.807807,Empty,60.54491,0.0,-2.0100000000000004e-11,3e-13,,,/home/estevesjh/Documents/keysighB2987A/202409/20240925_11.npy,False
20240925133110,2024-09-25 13:31:10.842546,12,,1.807877,Empty,51.60504,0.0,-1.99e-11,3e-13,,,/home/estevesjh/Documents/keysighB2987A/202409/20240925_12.npy,False
20240925133115,2024-09-25 13:31:15.705105,13,,1.807743,Empty,42.30648,0.0,-2e-11,1.1832159566199236e-12,,,/home/estevesjh/Documents/keysighB2987A/202409/20240925_13.npy,False
20240925133120,2024-09-25 13:31:20.566667,14,,1.807808,Empty,32.97978,0.0,-1.95e-11,4.999999999999999e-13,,,/home/estevesjh/Documents/keysighB2987A/202409/20240925_14.npy,False
20240925133125,2024-09-25 13:31:25.420341,15,,1.807841,Empty,24.01598,0.0,-2e-11,3.2311742677852644e-27,,,/home/estevesjh/Documents/keysighB2987A/202409/20240925_15.npy,False
20240925133817,2024-09-25 13:38:17.227749,16,,1.818881,Empty,69.40068,0.0,-1.98e-11,3.999999999999999e-13,,,/home/estevesjh/Documents/keysighB2987A/202409/20240925_16.npy,False
20240925133822,2024-09-25 13:38:22.096018,17,,1.808374,Empty,60.49184,0.0,-1.98e-11,4e-13,,,/home/estevesjh/Documents/keysighB2987A/202409/20240925_17.npy,False
20240925133826,2024-09-25 13:38:26.957860,18,,1.808361,Empty,51.23506,0.0,-2e-11,3.2311742677852644e-27,,,/home/estevesjh/Documents/keysighB2987A/202409/20240925_18.npy,False
20240925133831,2024-09-25 13:38:31.832338,19,,1.808391,Empty,42.48846,0.0,-2e-11,3.2311742677852644e-27,,,/home/estevesjh/Documents/keysighB2987A/202409/20240925_19.npy,False
20240925133836,2024-09-25 13:38:36.687650,20,,1.808211,Empty,33.0147,0.0,-2e-11,4.4721359549995786e-13,,,/home/estevesjh/Documents/keysighB2987A/202409/20240925_20.npy,False
20240925133841,2024-09-25 13:38:41.544450,21,,1.808338,Empty,23.98571,0.0,-2.0100000000000004e-11,3e-13,,,/home/estevesjh/Documents/keysighB2987A/202409/20240925_21.npy,False
20240925155605,2024-09-25 15:56:05.700968,22,,0.942381,Empty,69.35509,0.0,-1.6899999999999998e-11,3e-13,,,/home/estevesjh/Documents/keysighB2987A/202409/20240925_22.npy,False
20240925155609,2024-09-25 15:56:09.566375,23,,0.929411,Empty,60.66582,0.0,-1.7e-11,0.0,,,/home/estevesjh/Documents/keysighB2987A/202409/20240925_23.npy,False
20240925155613,2024-09-25 15:56:13.431666,24,,0.929456,Empty,54.20304,0.0,-1.7099999999999998e-11,3e-13,,,/home/estevesjh/Documents/keysighB2987A/202409/20240925_24.npy,False
20240925155617,2024-09-25 15:56:17.304131,25,,0.929575,Empty,44.44658,0.0,-1.66e-11,4.89897948556636e-13,,,/home/estevesjh/Documents/keysighB2987A/202409/20240925_25.npy,False
20240925155621,2024-09-25 15:56:21.176033,26,,0.929284,Empty,35.11134,0.0,-1.7099999999999998e-11,3e-13,,,/home/estevesjh/Documents/keysighB2987A/202409/20240925_26.npy,False
20240925155625,2024-09-25 15:56:25.046538,27,,0.929645,Empty,25.8435,0.0,-1.66e-11,4.89897948556636e-13,,,/home/estevesjh/Documents/keysighB2987A/202409/20240925_27.npy,False
20240925161151,2024-09-25 16:11:51.943293,28,,0.929694,Empty,49.71279,0.0,-8.98974e-14,1.7010396874852742e-14,,,/home/estevesjh/Documents/keysighB2987A/202409/20240925_28.npy,False
20240925161208,2024-09-25 16:12:08.148497,29,,0.929294,Empty,41.12394,0.0,-9.12451e-14,1.7296387220746414e-14,,,/home/estevesjh/Documents/keysighB2987A/202409/20240925_29.npy,False
20240925161224,2024-09-25 16:12:24.348307,30,,0.929284,Empty,32.08153,0.0,-8.87169e-14,1.6793347846394415e-14,,,/home/estevesjh/Documents/keysighB2987A/202409/20240925_30.npy,False
20240925161240,2024-09-25 16:12:40.535103,31,,0.929596,Empty,23.2237,0.0,-8.92576e-14,1.6956408695239686e-14,,,/home/estevesjh/Documents/keysighB2987A/202409/20240925_31.npy,False
20240925161256,2024-09-25 16:12:56.685001,32,,0.930396,Empty,14.15179,0.0,-9.099450000000001e-14,1.7254416560695408e-14,,,/home/estevesjh/Documents/keysighB2987A/202409/20240925_32.npy,False
20240925161312,2024-09-25 16:13:12.901672,33,,0.929734,Empty,5.53557,0.0,-8.3872e-14,1.592832561194051e-14,,,/home/estevesjh/Documents/keysighB2987A/202409/20240925_33.npy,False
20240925182834,2024-09-25 18:28:34.998422,34,,0.929264,Empty,48.66626,0.0,-2.544894e-06,7.696752561959255e-11,,,/home/estevesjh/Documents/twilightMonitor/DATA/keysighB2987A/202409/20240925_34.npy,False
20240925182841,2024-09-25 18:28:41.962550,35,,0.92961,Empty,39.32172,0.0,-2.4493210000000004e-06,1.6813387523039644e-10,,,/home/estevesjh/Documents/twilightMonitor/DATA/keysighB2987A/202409/20240925_35.npy,False
20240925182848,2024-09-25 18:28:48.913715,36,,0.929601,Empty,29.90781,0.0,-2.459274e-06,7.130217387988432e-11,,,/home/estevesjh/Documents/twilightMonitor/DATA/keysighB2987A/202409/20240925_36.npy,False
20240925182855,2024-09-25 18:28:55.861165,37,,0.929391,Empty,20.55038,0.0,-2.3766200000000004e-06,8.282511696345147e-11,,,/home/estevesjh/Documents/twilightMonitor/DATA/keysighB2987A/202409/20240925_37.npy,False
20240925182904,2024-09-25 18:29:04.181559,38,,0.929445,Empty,11.23657,0.0,-2.0925875e-06,9.739035116477879e-10,,,/home/estevesjh/Documents/twilightMonitor/DATA/keysighB2987A/202409/20240925_38.npy,False
20240925182912,2024-09-25 18:29:12.502026,39,,0.929709,Empty,1.91467,0.0,-1.8239582e-06,5.76949183204226e-10,,,/home/estevesjh/Documents/twilightMonitor/DATA/keysighB2987A/202409/20240925_39.npy,False
20240925183338,2024-09-25 18:33:38.819119,40,,0.92965,Empty,69.2543,0.0,-1.3581647e-06,2.340149781531188e-10,,,/home/estevesjh/Documents/twilightMonitor/DATA/keysighB2987A/202409/20240925_40.npy,False
20240925183345,2024-09-25 18:33:45.762005,41,,0.92988,Empty,59.74897,0.0,-2.105041e-06,4.076873802314625e-10,,,/home/estevesjh/Documents/twilightMonitor/DATA/keysighB2987A/202409/20240925_41.npy,False
20240925183352,2024-09-25 18:33:52.713070,42,,0.929444,Empty,50.27444,0.0,-2.48602e-06,5.172813547770996e-10,,,/home/estevesjh/Documents/twilightMonitor/DATA/keysighB2987A/202409/20240925_42.npy,False
20240925183359,2024-09-25 18:33:59.662517,43,,0.929931,Empty,40.81844,0.0,-2.433345e-06,8.85880917505275e-10,,,/home/estevesjh/Documents/twilightMonitor/DATA/keysighB2987A/202409/20240925_43.npy,False
20240925183406,2024-09-25 18:34:06.617198,44,,0.929759,Empty,31.34964,0.0,-2.4465890000000003e-06,5.4304695929587936e-11,,,/home/estevesjh/Documents/twilightMonitor/DATA/keysighB2987A/202409/20240925_44.npy,False
20240925183413,2024-09-25 18:34:13.558720,45,,0.930827,Empty,22.27033,0.0,-2.4113980000000003e-06,4.99135252211264e-10,,,/home/estevesjh/Documents/twilightMonitor/DATA/keysighB2987A/202409/20240925_45.npy,False
20240925183811,2024-09-25 18:38:11.283269,46,,0.929348,Empty,69.08825,0.0,-1.3452454000000002e-06,1.2308540287134003e-09,,,/home/estevesjh/Documents/twilightMonitor/DATA/keysighB2987A/202409/20240925_46.npy,False
20240925183818,2024-09-25 18:38:18.229651,47,,0.929761,Empty,59.50729,0.0,-2.110256e-06,1.733287050664197e-09,,,/home/estevesjh/Documents/twilightMonitor/DATA/keysighB2987A/202409/20240925_47.npy,False
20240925183825,2024-09-25 18:38:25.192920,48,,0.929471,Empty,49.95798,0.0,-2.474236e-06,2.1001199965716432e-09,,,/home/estevesjh/Documents/twilightMonitor/DATA/keysighB2987A/202409/20240925_48.npy,False
20240925183832,2024-09-25 18:38:32.137883,49,,0.929993,Empty,40.37565,0.0,-2.4241500000000003e-06,5.85866879077431e-10,,,/home/estevesjh/Documents/twilightMonitor/DATA/keysighB2987A/202409/20240925_49.npy,False
20240925183839,2024-09-25 18:38:39.091379,50,,0.9296,Empty,31.14654,0.0,-2.438746e-06,6.384543836484602e-10,,,/home/estevesjh/Documents/twilightMonitor/DATA/keysighB2987A/202409/20240925_50.npy,False
20240925183846,2024-09-25 18:38:46.020653,51,,0.929444,Empty,21.60995,0.0,-2.3970490000000004e-06,4.66378601567371e-10,,,/home/estevesjh/Documents/twilightMonitor/DATA/keysighB2987A/202409/20240925_51.npy,False
20240925184504,2024-09-25 18:45:04.309077,52,,0.929597,Empty,69.30553,0.0,-1.4074051e-06,7.785942460615147e-11,,,/home/estevesjh/Documents/twilightMonitor/DATA/keysighB2987A/202409/20240925_52.npy,False
20240925184511,2024-09-25 18:45:11.261208,53,,0.929426,Empty,60.26298,0.0,-2.14616e-06,2.4919871588751764e-10,,,/home/estevesjh/Documents/twilightMonitor/DATA/keysighB2987A/202409/20240925_53.npy,False
20240925184518,2024-09-25 18:45:18.235237,54,,0.929397,Empty,50.76573,0.0,-2.522076e-06,1.9885673234765639e-10,,,/home/estevesjh/Documents/twilightMonitor/DATA/keysighB2987A/202409/20240925_54.npy,False
20240925184525,2024-09-25 18:45:25.179689,55,,0.929092,Empty,41.28449,0.0,-2.452859e-06,7.105631569398637e-11,,,/home/estevesjh/Documents/twilightMonitor/DATA/keysighB2987A/202409/20240925_55.npy,False
20240925184532,2024-09-25 18:45:32.133559,56,,0.929834,Empty,31.7502,0.0,-2.440147e-06,1.6727522231344048e-10,,,/home/estevesjh/Documents/twilightMonitor/DATA/keysighB2987A/202409/20240925_56.npy,False
20240925184539,2024-09-25 18:45:39.094997,57,,0.929297,Empty,22.20027,0.0,-2.378027e-06,8.843641783787452e-11,,,/home/estevesjh/Documents/twilightMonitor/DATA/keysighB2987A/202409/20240925_57.npy,False
20240925185727,2024-09-25 18:57:27.359415,58,,0.929943,Empty,48.23986,0.0,-2.473432e-06,2.9205478938034337e-10,,,/home/estevesjh/Documents/twilightMonitor/DATA/keysighB2987A/202409/20240925_58.npy,False
20240925185734,2024-09-25 18:57:34.600449,59,,0.930174,Empty,38.71135,0.0,-2.394702e-06,3.7859741150734735e-10,,,/home/estevesjh/Documents/twilightMonitor/DATA/keysighB2987A/202409/20240925_59.npy,False
20240925185741,2024-09-25 18:57:41.840402,60,,0.931201,Empty,29.59926,0.0,-2.418798e-06,9.075241043629716e-11,,,/home/estevesjh/Documents/twilightMonitor/DATA/keysighB2987A/202409/20240925_60.npy,False
20240925185749,2024-09-25 18:57:49.078438,61,,0.930782,Empty,20.14052,0.0,-2.3269450000000003e-06,1.3894243412293807e-10,,,/home/estevesjh/Documents/twilightMonitor/DATA/keysighB2987A/202409/20240925_61.npy,False
20240925185757,2024-09-25 18:57:57.794049,62,,0.93025,Empty,11.02485,0.0,-2.0586212e-06,1.583576963712726e-10,,,/home/estevesjh/Documents/twilightMonitor/DATA/keysighB2987A/202409/20240925_62.npy,False
20240925185806,2024-09-25 18:58:06.502945,63,,0.930452,Empty,1.6675,0.0,-1.7992195000000005e-06,2.992498120300017e-10,,,/home/estevesjh/Documents/twilightMonitor/DATA/keysighB2987A/202409/20240925_63.npy,False
20240925185829,2024-09-25 18:58:29.671228,64,22.083125,22.533049,Empty,89.16991,0.0,-7.154999999999999e+37,4.431757552032827e+37,,,/home/estevesjh/Documents/twilightMonitor/DATA/keysighB2987A/202409/20240925_64.npy,True
20240925185951,2024-09-25 18:59:51.393139,65,,22.531639,Empty,82.1778,29.40638,-7.235109409090908e-06,2.4473397646329783e-09,,,/home/estevesjh/Documents/twilightMonitor/DATA/keysighB2987A/202409/20240925_65.npy,False
20240925190126,2024-09-25 19:01:26.163969,66,,22.533651,Empty,72.55164,29.40638,-7.756208818181818e-07,1.391429185026016e-09,,,/home/estevesjh/Documents/twilightMonitor/DATA/keysighB2987A/202409/20240925_66.npy,False
20240925190300,2024-09-25 19:03:00.966454,67,,22.53245,Empty,63.304,29.40638,-1.1781447136363637e-06,7.321444435203301e-10,,,/home/estevesjh/Documents/twilightMonitor/DATA/keysighB2987A/202409/20240925_67.npy,False
20240925190435,2024-09-25 19:04:35.733777,68,,22.539286,Empty,53.69247,29.40638,-1.9150243454545454e-06,6.1705407040761975e-09,,,/home/estevesjh/Documents/twilightMonitor/DATA/keysighB2987A/202409/20240925_68.npy,False
20240925190547,2024-09-25 19:05:47.486851,69,,22.535145,Empty,44.11654,29.40638,-2.446869227272728e-06,1.7404534004839711e-09,,,/home/estevesjh/Documents/twilightMonitor/DATA/keysighB2987A/202409/20240925_69.npy,False
20240925191150,2024-09-25 19:11:50.920946,70,,0.931039,Empty,1.67665,29.40638,-2.086963e-06,5.99650731676354e-10,,,/home/estevesjh/Documents/twilightMonitor/DATA/keysighB2987A/202409/20240925_70.npy,False
20240925191159,2024-09-25 19:11:59.391877,71,,0.92922,Empty,-7.82875,29.40638,-1.7989495999999998e-06,2.447645448180757e-09,,,/home/estevesjh/Documents/twilightMonitor/DATA/keysighB2987A/202409/20240925_71.npy,False
20240925191207,2024-09-25 19:12:07.854007,72,,0.929545,Empty,-17.31769,29.40638,-1.5532166e-06,3.012255633242144e-10,,,/home/estevesjh/Documents/twilightMonitor/DATA/keysighB2987A/202409/20240925_72.npy,False
20240925191216,2024-09-25 19:12:16.320104,73,,0.929648,Empty,-26.7746,29.40638,-1.2350947e-06,9.15302578385991e-10,,,/home/estevesjh/Documents/twilightMonitor/DATA/keysighB2987A/202409/20240925_73.npy,False
20240925191224,2024-09-25 19:12:24.789020,74,,0.929746,Empty,-36.27741,29.40638,-8.288227999999999e-07,8.750062856916173e-11,,,/home/estevesjh/Documents/twilightMonitor/DATA/keysighB2987A/202409/20240925_74.npy,False
20240925191233,2024-09-25 19:12:33.253015,75,,0.929271,Empty,-45.74272,29.40638,-4.6091660000000003e-07,1.3404640987359088e-10,,,/home/estevesjh/Documents/twilightMonitor/DATA/keysighB2987A/202409/20240925_75.npy,False
20240925191308,2024-09-25 19:13:08.720673,76,33.93568,34.773845,Empty,85.16645,29.40638,-4.701769911504424e+37,4.943772023785631e+37,,,/home/estevesjh/Documents/twilightMonitor/DATA/keysighB2987A/202409/20240925_76.npy,True
20240925191507,2024-09-25 19:15:07.244662,77,,34.777261,Empty,87.73829,58.62543,-1.273973696165192e-05,1.255349109972932e-09,,,/home/estevesjh/Documents/twilightMonitor/DATA/keysighB2987A/202409/20240925_77.npy,False
20240925191655,2024-09-25 19:16:55.837596,78,,34.780959,Empty,78.54402,58.62543,-2.877860442477876e-06,7.558191821273922e-10,,,/home/estevesjh/Documents/twilightMonitor/DATA/keysighB2987A/202409/20240925_78.npy,False
20240925192310,2024-09-25 19:23:10.823929,79,,0.929201,Empty,69.00713,0.0,-6.357812e-06,4.1211163536113525e-10,,,/home/estevesjh/Documents/twilightMonitor/DATA/keysighB2987A/202409/20240925_79.npy,False
20240925192317,2024-09-25 19:23:17.877286,80,,0.928982,Empty,59.51278,0.0,-1.2539495e-05,8.387282038897433e-10,,,/home/estevesjh/Documents/twilightMonitor/DATA/keysighB2987A/202409/20240925_80.npy,False
20240925192324,2024-09-25 19:23:24.925304,81,,0.929647,Empty,50.53236,0.0,-1.0452784999999998e-05,6.664120347052055e-10,,,/home/estevesjh/Documents/twilightMonitor/DATA/keysighB2987A/202409/20240925_81.npy,False
20240925192332,2024-09-25 19:23:32.175759,82,,0.929049,Empty,41.06714,0.0,-3.550105e-06,2.380021008310676e-10,,,/home/estevesjh/Documents/twilightMonitor/DATA/keysighB2987A/202409/20240925_82.npy,False
20240925192339,2024-09-25 19:23:39.321488,83,,0.92937,Empty,31.9504,0.0,-2.551357e-06,1.68229010577782e-10,,,/home/estevesjh/Documents/twilightMonitor/DATA/keysighB2987A/202409/20240925_83.npy,False
20240925192346,2024-09-25 19:23:46.366142,84,,0.929674,Empty,22.42761,0.0,-2.7897750000000003e-06,1.476651617681508e-10,,,/home/estevesjh/Documents/twilightMonitor/DATA/keysighB2987A/202409/20240925_84.npy,False
20240925192404,2024-09-25 19:24:04.367933,85,16.8930975,17.224536,Empty,88.7047,0.0,-6.684896482142858e-06,4.165391582403089e-06,,,/home/estevesjh/Documents/twilightMonitor/DATA/keysighB2987A/202409/20240925_85.npy,True
20240925192422,2024-09-25 19:24:22.862878,86,,0.929409,Empty,88.44328,29.39273,-1.563633e-05,8.460023640635419e-10,,,/home/estevesjh/Documents/twilightMonitor/DATA/keysighB2987A/202409/20240925_86.npy,False
20240925192429,2024-09-25 19:24:29.924397,87,,0.9294,Empty,78.83404,29.39273,-3.203669e-06,2.0670994170581064e-10,,,/home/estevesjh/Documents/twilightMonitor/DATA/keysighB2987A/202409/20240925_87.npy,False
20240925192437,2024-09-25 19:24:37.072669,88,,0.92903,Empty,69.74299,29.39273,-5.567744e-06,3.8479085228209896e-10,,,/home/estevesjh/Documents/twilightMonitor/DATA/keysighB2987A/202409/20240925_88.npy,False
20240925192444,2024-09-25 19:24:44.220271,89,,0.929683,Empty,60.22257,29.39273,-1.5212642e-05,7.858473134139743e-10,,,/home/estevesjh/Documents/twilightMonitor/DATA/keysighB2987A/202409/20240925_89.npy,False
20240925192451,2024-09-25 19:24:51.461738,90,,0.929997,Empty,50.69513,29.39273,-1.6749797000000002e-05,1.1102977078250811e-09,,,/home/estevesjh/Documents/twilightMonitor/DATA/keysighB2987A/202409/20240925_90.npy,False
20240925192458,2024-09-25 19:24:58.606221,91,,0.929361,Empty,41.15496,29.39273,-9.504154e-06,4.564033303998788e-10,,,/home/estevesjh/Documents/twilightMonitor/DATA/keysighB2987A/202409/20240925_91.npy,False
20240925192511,2024-09-25 19:25:11.894530,92,12.21126,12.522049,Empty,88.83301,29.39273,-1.0942207934426228e-05,5.253643511479622e-06,,,/home/estevesjh/Documents/twilightMonitor/DATA/keysighB2987A/202409/20240925_92.npy,True
20240925192528,2024-09-25 19:25:28.984722,93,,0.929837,Empty,88.69509,58.80604,-2.111753e-05,1.0724271537027455e-09,,,/home/estevesjh/Documents/twilightMonitor/DATA/keysighB2987A/202409/20240925_93.npy,False
20240925192536,2024-09-25 19:25:36.036109,94,,0.930016,Empty,79.02143,58.80604,-5.1046010000000005e-06,2.9180301574858755e-10,,,/home/estevesjh/Documents/twilightMonitor/DATA/keysighB2987A/202409/20240925_94.npy,False
20240925192544,2024-09-25 19:25:44.495558,95,,0.929754,Empty,69.89311,58.80604,-5.926313e-07,3.154377910142042e-11,,,/home/estevesjh/Documents/twilightMonitor/DATA/keysighB2987A/202409/20240925_95.npy,False
20240925192552,2024-09-25 19:25:52.958139,96,,0.931033,Empty,60.78986,58.80604,-1.8792556e-06,4.0502345611093396e-11,,,/home/estevesjh/Documents/twilightMonitor/DATA/keysighB2987A/202409/20240925_96.npy,False
20240925192600,2024-09-25 19:26:00.108058,97,,0.931176,Empty,51.67236,58.80604,-4.376929e-06,2.980083891436295e-10,,,/home/estevesjh/Documents/twilightMonitor/DATA/keysighB2987A/202409/20240925_97.npy,False
20240925192607,2024-09-25 19:26:07.151180,98,,0.929678,Empty,42.11375,58.80604,-5.830382e-06,5.331753932806634e-10,,,/home/estevesjh/Documents/twilightMonitor/DATA/keysighB2987A/202409/20240925_98.npy,False
20240925192620,2024-09-25 19:26:20.361285,99,11.9715625,12.410725,Empty,89.04945,58.80604,-5.662002907563026e-06,5.852554591384547e-06,,,/home/estevesjh/Documents/twilightMonitor/DATA/keysighB2987A/202409/20240925_99.npy,True
20240925192637,2024-09-25 19:26:37.470145,100,,0.929585,Empty,88.57258,88.02762,-2.489044e-05,3.0193376757162322e-09,,,/home/estevesjh/Documents/twilightMonitor/DATA/keysighB2987A/202409/20240925_100.npy,False
20240925192644,2024-09-25 19:26:44.521990,101,,0.929438,Empty,79.29033,88.02762,-9.258984999999998e-06,4.774568043288351e-10,,,/home/estevesjh/Documents/twilightMonitor/DATA/keysighB2987A/202409/20240925_101.npy,False
20240925192653,2024-09-25 19:26:53.000847,102,,0.929831,Empty,69.65318,88.02762,-5.654163e-07,2.4170107571129347e-10,,,/home/estevesjh/Documents/twilightMonitor/DATA/keysighB2987A/202409/20240925_102.npy,False
20240925192701,2024-09-25 19:27:01.478772,103,,0.929234,Empty,60.03235,88.02762,-1.5801987e-06,1.0644909581578419e-10,,,/home/estevesjh/Documents/twilightMonitor/DATA/keysighB2987A/202409/20240925_103.npy,False
20240925192708,2024-09-25 19:27:08.523500,104,,0.929647,Empty,50.38972,88.02762,-4.459367999999999e-06,3.002265811017908e-10,,,/home/estevesjh/Documents/twilightMonitor/DATA/keysighB2987A/202409/20240925_104.npy,False
20240925192715,2024-09-25 19:27:15.568931,105,,0.929512,Empty,41.22633,88.02762,-5.50951e-06,6.317594478913803e-10,,,/home/estevesjh/Documents/twilightMonitor/DATA/keysighB2987A/202409/20240925_105.npy,False
20240925192728,2024-09-25 19:27:28.929447,106,12.1934175,12.589398,Empty,88.71995,88.02762,-6.88250094214876e-06,7.432911108907002e-06,,,/home/estevesjh/Documents/twilightMonitor/DATA/keysighB2987A/202409/20240925_106.npy,True
20240925192746,2024-09-25 19:27:46.029897,107,,0.929037,Empty,88.42262,117.17219,-2.65442e-05,2.4037470748809187e-09,,,/home/estevesjh/Documents/twilightMonitor/DATA/keysighB2987A/202409/20240925_107.npy,False
20240925192753,2024-09-25 19:27:53.098058,108,,0.929547,Empty,79.164,117.17219,-1.514443e-05,1.095134694912067e-09,,,/home/estevesjh/Documents/twilightMonitor/DATA/keysighB2987A/202409/20240925_108.npy,False
20240925192800,2024-09-25 19:28:00.149072,109,,0.929137,Empty,69.53692,117.17219,-2.599284e-06,9.297311439333376e-11,,,/home/estevesjh/Documents/twilightMonitor/DATA/keysighB2987A/202409/20240925_109.npy,False
20240925192807,2024-09-25 19:28:07.199023,110,,0.929068,Empty,59.9536,117.17219,-9.230788e-06,5.15670437391831e-10,,,/home/estevesjh/Documents/twilightMonitor/DATA/keysighB2987A/202409/20240925_110.npy,False
20240925192814,2024-09-25 19:28:14.242907,111,,0.929444,Empty,50.81788,117.17219,-1.2624654e-05,1.0177838670368379e-09,,,/home/estevesjh/Documents/twilightMonitor/DATA/keysighB2987A/202409/20240925_111.npy,False
20240925192821,2024-09-25 19:28:21.382363,112,,0.929201,Empty,41.52266,117.17219,-8.445994e-06,7.82715784943697e-10,,,/home/estevesjh/Documents/twilightMonitor/DATA/keysighB2987A/202409/20240925_112.npy,False
20240925192834,2024-09-25 19:28:34.631712,113,12.119335,12.478951,Empty,89.32026,117.17219,-1.2157923801652892e-05,6.920552545933754e-06,,,/home/estevesjh/Documents/twilightMonitor/DATA/keysighB2987A/202409/20240925_113.npy,True
20240925192851,2024-09-25 19:28:51.723020,114,,0.929282,Empty,87.88109,146.12403,-2.647673e-05,1.7994721448248463e-09,,,/home/estevesjh/Documents/twilightMonitor/DATA/keysighB2987A/202409/20240925_114.npy,False
20240925192857,2024-09-25 19:28:57.368601,115,,0.929943,Empty,78.54646,146.12403,-2.053981e-05,1.254950198215183e-09,,,/home/estevesjh/Documents/twilightMonitor/DATA/keysighB2987A/202409/20240925_115.npy,False
20240925192904,2024-09-25 19:29:04.412296,116,,0.929581,Empty,68.88469,146.12403,-4.346633999999999e-06,2.2294393914164503e-10,,,/home/estevesjh/Documents/twilightMonitor/DATA/keysighB2987A/202409/20240925_116.npy,False
20240925192911,2024-09-25 19:29:11.465700,117,,0.92946,Empty,59.6828,146.12403,-3.562615e-06,4.770586965982842e-10,,,/home/estevesjh/Documents/twilightMonitor/DATA/keysighB2987A/202409/20240925_117.npy,False
20240925192918,2024-09-25 19:29:18.519299,118,,0.929215,Empty,49.97788,146.12403,-4.664885e-06,6.32585962537895e-10,,,/home/estevesjh/Documents/twilightMonitor/DATA/keysighB2987A/202409/20240925_118.npy,False
20240925192926,2024-09-25 19:29:26.983265,119,,0.929432,Empty,40.32785,146.12403,-1.9015268e-06,4.1171635867428225e-10,,,/home/estevesjh/Documents/twilightMonitor/DATA/keysighB2987A/202409/20240925_119.npy,False
20240925192940,2024-09-25 19:29:40.635326,120,12.4180375,12.829254,Empty,89.1356,146.12403,-1.0044864669354838e-05,9.353148336503249e-06,,,/home/estevesjh/Documents/twilightMonitor/DATA/keysighB2987A/202409/20240925_120.npy,True
20240925192957,2024-09-25 19:29:57.739443,121,,0.929925,Empty,87.31944,175.41193,-2.607151e-05,1.769434938051692e-09,,,/home/estevesjh/Documents/twilightMonitor/DATA/keysighB2987A/202409/20240925_121.npy,False
20240925193003,2024-09-25 19:30:03.379181,122,,0.929848,Empty,77.95652,175.41193,-2.495917e-05,7.772387020728649e-10,,,/home/estevesjh/Documents/twilightMonitor/DATA/keysighB2987A/202409/20240925_122.npy,False
20240925193010,2024-09-25 19:30:10.430640,123,,0.929752,Empty,68.25542,175.41193,-8.389871e-06,1.0586071036981724e-09,,,/home/estevesjh/Documents/twilightMonitor/DATA/keysighB2987A/202409/20240925_123.npy,False
20240925193018,2024-09-25 19:30:18.885386,124,,0.92921,Empty,59.04788,175.41193,-4.1547430000000003e-07,4.761102813424295e-11,,,/home/estevesjh/Documents/twilightMonitor/DATA/keysighB2987A/202409/20240925_124.npy,False
20240925193027,2024-09-25 19:30:27.342228,125,,0.929624,Empty,49.78026,175.41193,-8.032314000000001e-07,1.0548260709709291e-09,,,/home/estevesjh/Documents/twilightMonitor/DATA/keysighB2987A/202409/20240925_125.npy,False
20240925193034,2024-09-25 19:30:34.394376,126,,0.929482,Empty,40.13108,175.41193,-2.119146e-06,9.08671557824974e-10,,,/home/estevesjh/Documents/twilightMonitor/DATA/keysighB2987A/202409/20240925_126.npy,False
20240925193048,2024-09-25 19:30:48.022346,127,12.46723,12.852784,Empty,88.08396,175.41193,-1.0373670024193548e-05,1.077215649343217e-05,,,/home/estevesjh/Documents/twilightMonitor/DATA/keysighB2987A/202409/20240925_127.npy,True
20240925193656,2024-09-25 19:36:56.934510,128,,0.929925,Empty,58.85347,0.0,-1.7299999999999998e-11,4.582575694955839e-13,,,/home/estevesjh/Documents/twilightMonitor/DATA/keysighB2987A/202409/20240925_128.npy,test1
20240925193700,2024-09-25 19:37:00.864546,129,,0.931019,Empty,49.24858,0.0,-1.7499999999999998e-11,4.999999999999999e-13,,,/home/estevesjh/Documents/twilightMonitor/DATA/keysighB2987A/202409/20240925_129.npy,test1
20240925193704,2024-09-25 19:37:04.790285,130,,0.929684,Empty,39.2451,0.0,-1.8e-11,7.745966692414836e-13,,,/home/estevesjh/Documents/twilightMonitor/DATA/keysighB2987A/202409/20240925_130.npy,test1
20240925193708,2024-09-25 19:37:08.730960,131,,0.929418,Empty,29.7381,0.0,-1.84e-11,4.898979485566359e-13,,,/home/estevesjh/Documents/twilightMonitor/DATA/keysighB2987A/202409/20240925_131.npy,test1
20240925193712,2024-09-25 19:37:12.655811,132,,0.92997,Empty,19.82169,0.0,-1.88e-11,3.999999999999999e-13,,,/home/estevesjh/Documents/twilightMonitor/DATA/keysighB2987A/202409/20240925_132.npy,test1
20240925193716,2024-09-25 19:37:16.577384,133,,0.929857,Empty,10.31133,0.0,-1.7299999999999998e-11,4.582575694955839e-13,,,/home/estevesjh/Documents/twilightMonitor/DATA/keysighB2987A/202409/20240925_133.npy,test1
20240925193737,2024-09-25 19:37:37.727600,134,19.9221675,20.370374,Empty,89.4645,0.0,-1.7597989949748738e-11,5.663920725067485e-13,,,/home/estevesjh/Documents/twilightMonitor/DATA/keysighB2987A/202409/20240925_134.npy,True
20240925193753,2024-09-25 19:37:53.004224,135,,0.931093,Empty,89.63771,29.52234,-1.7499999999999998e-11,4.999999999999999e-13,,,/home/estevesjh/Documents/twilightMonitor/DATA/keysighB2987A/202409/20240925_135.npy,test1
20240925193756,2024-09-25 19:37:56.939086,136,,0.929998,Empty,79.48893,29.52234,-1.83e-11,4.582575694955839e-13,,,/home/estevesjh/Documents/twilightMonitor/DATA/keysighB2987A/202409/20240925_136.npy,test1
20240925193800,2024-09-25 19:38:00.863462,137,,0.929757,Empty,69.8203,29.52234,-1.83e-11,6.40312423743285e-13,,,/home/estevesjh/Documents/twilightMonitor/DATA/keysighB2987A/202409/20240925_137.npy,test1
20240925200109,2024-09-25 20:01:09.759941,138,,0.930398,Empty,68.56479,0.0,-3.484759e-06,2.948711583047622e-10,,,/home/estevesjh/Documents/twilightMonitor/DATA/keysighB2987A/202409/20240925_138.npy,test2
20240925200115,2024-09-25 20:01:15.813594,139,,0.92944,Empty,58.93703,0.0,-2.794823e-06,1.129079713749187e-09,,,/home/estevesjh/Documents/twilightMonitor/DATA/keysighB2987A/202409/20240925_139.npy,test2
20240925200121,2024-09-25 20:01:21.864521,140,,0.929745,Empty,49.3396,0.0,-3.011194e-06,1.1888666872277863e-09,,,/home/estevesjh/Documents/twilightMonitor/DATA/keysighB2987A/202409/20240925_140.npy,test2
20240925200127,2024-09-25 20:01:27.915368,141,,0.929501,Empty,39.73318,0.0,-2.620646e-06,2.41379369458155e-10,,,/home/estevesjh/Documents/twilightMonitor/DATA/keysighB2987A/202409/20240925_141.npy,test2
20240925200133,2024-09-25 20:01:33.967092,142,,0.929749,Empty,30.11799,0.0,-2.30265e-06,8.921883209277146e-11,,,/home/estevesjh/Documents/twilightMonitor/DATA/keysighB2987A/202409/20240925_142.npy,test2
20240925200140,2024-09-25 20:01:40.016744,143,,0.929239,Empty,20.52294,0.0,-2.122097e-06,3.704875166588131e-10,,,/home/estevesjh/Documents/twilightMonitor/DATA/keysighB2987A/202409/20240925_143.npy,test2
20240925200158,2024-09-25 20:01:58.681173,144,17.369265,17.877111,Empty,88.16279,0.0,-6.480085028901734e-06,6.584225068688436e-06,,,/home/estevesjh/Documents/twilightMonitor/DATA/keysighB2987A/202409/20240925_144.npy,True
20240925200214,2024-09-25 20:02:14.977120,145,,0.929303,Empty,84.09514,29.9569,-1.8021981000000003e-05,1.508565212378846e-09,,,/home/estevesjh/Documents/twilightMonitor/DATA/keysighB2987A/202409/20240925_145.npy,test2
20240925200221,2024-09-25 20:02:21.027998,146,,0.929486,Empty,74.35187,29.9569,-6.677599e-06,4.645739984112836e-10,,,/home/estevesjh/Documents/twilightMonitor/DATA/keysighB2987A/202409/20240925_146.npy,test2
20240925200227,2024-09-25 20:02:27.687520,147,,0.929564,Empty,64.58314,29.9569,-1.724467e-06,3.7083230711467517e-10,,,/home/estevesjh/Documents/twilightMonitor/DATA/keysighB2987A/202409/20240925_147.npy,test2
20240925200233,2024-09-25 20:02:33.739399,148,,0.929713,Empty,54.80472,29.9569,-2.4271739999999995e-06,4.0241575515876466e-09,,,/home/estevesjh/Documents/twilightMonitor/DATA/keysighB2987A/202409/20240925_148.npy,test2
20240925200239,2024-09-25 20:02:39.787265,149,,0.929945,Empty,45.00831,29.9569,-2.519685e-06,7.297259759669635e-11,,,/home/estevesjh/Documents/twilightMonitor/DATA/keysighB2987A/202409/20240925_149.npy,test2
20240925200245,2024-09-25 20:02:45.838226,150,,0.929402,Empty,35.21671,29.9569,-2.403921e-06,4.570557952812851e-11,,,/home/estevesjh/Documents/twilightMonitor/DATA/keysighB2987A/202409/20240925_150.npy,test2
20240925200300,2024-09-25 20:03:00.723414,151,13.6958225,14.08332,Empty,89.23166,29.9569,-6.2300522058823526e-06,6.340836815229539e-06,,,/home/estevesjh/Documents/twilightMonitor/DATA/keysighB2987A/202409/20240925_151.npy,True
20240925200317,2024-09-25 20:03:17.012453,152,,0.929801,Empty,82.33493,59.67997,-1.4799802e-05,9.164693120883011e-10,,,/home/estevesjh/Documents/twilightMonitor/DATA/keysighB2987A/202409/20240925_152.npy,test2
20240925200323,2024-09-25 20:03:23.155461,153,,0.929314,Empty,72.52022,59.67997,-2.5057120000000003e-06,2.363387399474623e-10,,,/home/estevesjh/Documents/twilightMonitor/DATA/keysighB2987A/202409/20240925_153.npy,test2
20240925200329,2024-09-25 20:03:29.806141,154,,0.929915,Empty,62.71597,59.67997,-1.1095416e-06,4.1335698857053375e-11,,,/home/estevesjh/Documents/twilightMonitor/DATA/keysighB2987A/202409/20240925_154.npy,test2
20240925200336,2024-09-25 20:03:36.459675,155,,0.929534,Empty,52.92741,59.67997,-1.7535933000000005e-06,6.334516556134039e-11,,,/home/estevesjh/Documents/twilightMonitor/DATA/keysighB2987A/202409/20240925_155.npy,test2
20240925200342,2024-09-25 20:03:42.506033,156,,0.929139,Empty,43.13558,59.67997,-2.2387550000000003e-06,4.3520684737258467e-10,,,/home/estevesjh/Documents/twilightMonitor/DATA/keysighB2987A/202409/20240925_156.npy,test2
20240925200348,2024-09-25 20:03:48.558391,157,,0.931029,Empty,33.46283,59.67997,-2.345589e-06,2.0695168518279423e-10,,,/home/estevesjh/Documents/twilightMonitor/DATA/keysighB2987A/202409/20240925_157.npy,test2
20240925200403,2024-09-25 20:04:03.928993,158,14.1342925,14.547669,Empty,89.63954,59.67997,-5.311289709219858e-06,6.2652128248433286e-06,,,/home/estevesjh/Documents/twilightMonitor/DATA/keysighB2987A/202409/20240925_158.npy,True
20240925200420,2024-09-25 20:04:20.217320,159,,0.929052,Empty,82.56914,89.49621,-1.4705218000000002e-05,1.487479747761015e-09,,,/home/estevesjh/Documents/twilightMonitor/DATA/keysighB2987A/202409/20240925_159.npy,test2
20240925200426,2024-09-25 20:04:26.269584,160,,0.929435,Empty,72.74178,89.49621,-2.503495e-06,1.1750936132921802e-09,,,/home/estevesjh/Documents/twilightMonitor/DATA/keysighB2987A/202409/20240925_160.npy,test2
20240925200432,2024-09-25 20:04:32.322827,161,,0.929837,Empty,62.94529,89.49621,-8.549077999999999e-06,2.7128575340404076e-09,,,/home/estevesjh/Documents/twilightMonitor/DATA/keysighB2987A/202409/20240925_161.npy,test2
20240925200438,2024-09-25 20:04:38.367095,162,,0.929666,Empty,53.20744,89.49621,-1.2859495e-05,1.2331930100351264e-09,,,/home/estevesjh/Documents/twilightMonitor/DATA/keysighB2987A/202409/20240925_162.npy,test2
20240925200444,2024-09-25 20:04:44.417151,163,,0.929185,Empty,43.53172,89.49621,-8.467064e-06,8.26658333291443e-10,,,/home/estevesjh/Documents/twilightMonitor/DATA/keysighB2987A/202409/20240925_163.npy,test2
20240925200450,2024-09-25 20:04:50.463470,164,,0.929307,Empty,33.84067,89.49621,-2.824393e-06,4.6301295878189485e-10,,,/home/estevesjh/Documents/twilightMonitor/DATA/keysighB2987A/202409/20240925_164.npy,test2
20240925200505,2024-09-25 20:05:05.685882,165,14.0398325,14.444043,Empty,89.68026,89.49621,-9.312271e-06,5.258810528814789e-06,,,/home/estevesjh/Documents/twilightMonitor/DATA/keysighB2987A/202409/20240925_165.npy,True
20240925200521,2024-09-25 20:05:21.977128,166,,0.929734,Empty,81.85554,119.4464,-1.4525367e-05,1.226548409154737e-09,,,/home/estevesjh/Documents/twilightMonitor/DATA/keysighB2987A/202409/20240925_166.npy,test2
20240925200528,2024-09-25 20:05:28.635890,167,,0.929377,Empty,71.94935,119.4464,-1.3647311e-06,5.923419620455129e-11,,,/home/estevesjh/Documents/twilightMonitor/DATA/keysighB2987A/202409/20240925_167.npy,test2
20240925200534,2024-09-25 20:05:34.688853,168,,0.92959,Empty,62.47322,119.4464,-6.387677000000001e-06,4.3662455267658166e-10,,,/home/estevesjh/Documents/twilightMonitor/DATA/keysighB2987A/202409/20240925_168.npy,test2
20240925200540,2024-09-25 20:05:40.741376,169,,0.929403,Empty,53.10124,119.4464,-1.0647811e-05,1.101339638803449e-09,,,/home/estevesjh/Documents/twilightMonitor/DATA/keysighB2987A/202409/20240925_169.npy,test2
20240925200546,2024-09-25 20:05:46.793510,170,,0.92931,Empty,43.85748,119.4464,-8.434953e-06,8.215479292165295e-10,,,/home/estevesjh/Documents/twilightMonitor/DATA/keysighB2987A/202409/20240925_170.npy,test2
20240925200552,2024-09-25 20:05:52.850222,171,,0.929344,Empty,34.62921,119.4464,-3.65488e-06,2.380336110720678e-10,,,/home/estevesjh/Documents/twilightMonitor/DATA/keysighB2987A/202409/20240925_171.npy,test2
20240925200607,2024-09-25 20:06:07.965289,172,13.8426975,14.345752,Empty,89.96943,119.4464,-9.114933333333331e-06,6.035986602101607e-06,,,/home/estevesjh/Documents/twilightMonitor/DATA/keysighB2987A/202409/20240925_172.npy,True
20240925200624,2024-09-25 20:06:24.246802,173,,0.930076,Empty,82.90222,149.42488,-1.7688201e-05,1.6240101600672142e-09,,,/home/estevesjh/Documents/twilightMonitor/DATA/keysighB2987A/202409/20240925_173.npy,test2
20240925200630,2024-09-25 20:06:30.295148,174,,0.929706,Empty,73.13349,149.42488,-2.438454e-06,1.9069347130928879e-10,,,/home/estevesjh/Documents/twilightMonitor/DATA/keysighB2987A/202409/20240925_174.npy,test2
20240925200636,2024-09-25 20:06:36.946307,175,,0.929377,Empty,63.38999,149.42488,-7.617755e-07,2.4864633518309447e-11,,,/home/estevesjh/Documents/twilightMonitor/DATA/keysighB2987A/202409/20240925_175.npy,test2
20240925200642,2024-09-25 20:06:42.994735,176,,0.929887,Empty,53.62637,149.42488,-4.3952060000000005e-06,3.4065231541852995e-10,,,/home/estevesjh/Documents/twilightMonitor/DATA/keysighB2987A/202409/20240925_176.npy,test2
20240925200649,2024-09-25 20:06:49.040695,177,,0.929732,Empty,43.89949,149.42488,-7.170504000000001e-06,2.669906365400213e-10,,,/home/estevesjh/Documents/twilightMonitor/DATA/keysighB2987A/202409/20240925_177.npy,test2
20240925200655,2024-09-25 20:06:55.088779,178,,0.929531,Empty,34.23117,149.42488,-6.122437e-06,5.728882962671847e-10,,,/home/estevesjh/Documents/twilightMonitor/DATA/keysighB2987A/202409/20240925_178.npy,test2
20240925200710,2024-09-25 20:07:10.208707,179,13.9422075,14.347081,Empty,88.20373,149.42488,-7.919560258992806e-06,7.344758639634022e-06,,,/home/estevesjh/Documents/twilightMonitor/DATA/keysighB2987A/202409/20240925_179.npy,True
20240925200725,2024-09-25 20:07:25.883482,180,,0.930029,Empty,82.33264,179.28968,-1.994564e-05,3.434041933349064e-08,,,/home/estevesjh/Documents/twilightMonitor/DATA/keysighB2987A/202409/20240925_180.npy,test2
20240925200731,2024-09-25 20:07:31.932811,181,,0.929867,Empty,72.50925,179.28968,-3.58658e-06,2.792848008753619e-10,,,/home/estevesjh/Documents/twilightMonitor/DATA/keysighB2987A/202409/20240925_181.npy,test2
20240925200737,2024-09-25 20:07:37.984553,182,,0.929499,Empty,62.67624,179.28968,-5.058615e-06,2.1289668856038528e-10,,,/home/estevesjh/Documents/twilightMonitor/DATA/keysighB2987A/202409/20240925_182.npy,test2
20240925200744,2024-09-25 20:07:44.035319,183,,0.92945,Empty,52.87618,179.28968,-7.526989000000001e-06,6.528315249741194e-10,,,/home/estevesjh/Documents/twilightMonitor/DATA/keysighB2987A/202409/20240925_183.npy,test2
20240925200750,2024-09-25 20:07:50.089212,184,,0.929845,Empty,43.15121,179.28968,-4.42285e-06,2.2790348834543919e-10,,,/home/estevesjh/Documents/twilightMonitor/DATA/keysighB2987A/202409/20240925_184.npy,test2
20240925200756,2024-09-25 20:07:56.750656,185,,0.929103,Empty,33.49454,179.28968,-5.503337e-07,3.2918232030292144e-11,,,/home/estevesjh/Documents/twilightMonitor/DATA/keysighB2987A/202409/20240925_185.npy,test2
20240925200812,2024-09-25 20:08:12.125598,186,14.126365,14.548813,Empty,89.02231,179.28968,-8.462052787234043e-06,7.951023061632931e-06,,,/home/estevesjh/Documents/twilightMonitor/DATA/keysighB2987A/202409/20240925_186.npy,True
20240925201144,2024-09-25 20:11:44.545205,187,,0.452045,Empty,69.15526,0.0,-3.9106091666666665e-06,1.4296788738841164e-07,,,/home/estevesjh/Documents/twilightMonitor/DATA/keysighB2987A/202409/20240925_187.npy,test3
20240925201148,2024-09-25 20:11:48.857542,188,,0.450054,Empty,59.79411,0.0,-2.6855808333333333e-06,1.2751768804322333e-08,,,/home/estevesjh/Documents/twilightMonitor/DATA/keysighB2987A/202409/20240925_188.npy,test3
20240925201153,2024-09-25 20:11:53.182497,189,,0.449852,Empty,50.62187,0.0,-2.886609166666666e-06,4.268251902776474e-09,,,/home/estevesjh/Documents/twilightMonitor/DATA/keysighB2987A/202409/20240925_189.npy,test3
20240925201157,2024-09-25 20:11:57.491880,190,,0.449934,Empty,42.18594,0.0,-2.515038333333334e-06,7.410603701603686e-09,,,/home/estevesjh/Documents/twilightMonitor/DATA/keysighB2987A/202409/20240925_190.npy,test3
20240925201201,2024-09-25 20:12:01.799959,191,,0.449928,Empty,31.54847,0.0,-2.3030266666666664e-06,4.376090975085195e-09,,,/home/estevesjh/Documents/twilightMonitor/DATA/keysighB2987A/202409/20240925_191.npy,test3
20240925201206,2024-09-25 20:12:06.107477,192,,0.4499039999999999,Empty,22.84212,0.0,-2.147513333333333e-06,2.4808242357911756e-09,,,/home/estevesjh/Documents/twilightMonitor/DATA/keysighB2987A/202409/20240925_192.npy,test3
20240925201224,2024-09-25 20:12:24.468568,193,16.78947,17.752508,Empty,88.73893,0.0,-6.481011217183771e-06,6.493368391201268e-06,,,/home/estevesjh/Documents/twilightMonitor/DATA/keysighB2987A/202409/20240925_193.npy,True
20240925201238,2024-09-25 20:12:38.879126,194,,0.449912,Empty,84.14546,30.61621,-1.749016166666667e-05,1.4753520177872484e-07,,,/home/estevesjh/Documents/twilightMonitor/DATA/keysighB2987A/202409/20240925_194.npy,test3
20240925201243,2024-09-25 20:12:43.202662,195,,0.450001,Empty,74.52127,30.61621,-6.330165833333332e-06,2.26183230459228e-07,,,/home/estevesjh/Documents/twilightMonitor/DATA/keysighB2987A/202409/20240925_195.npy,test3
20240925201247,2024-09-25 20:12:47.777219,196,,0.4555949999999999,Empty,63.79521,30.61621,-1.7923403333333334e-06,9.374362150153036e-09,,,/home/estevesjh/Documents/twilightMonitor/DATA/keysighB2987A/202409/20240925_196.npy,test3
20240925201252,2024-09-25 20:12:52.102135,197,,0.449945,Empty,54.78947,30.61621,-2.475471666666667e-06,7.525810956671393e-09,,,/home/estevesjh/Documents/twilightMonitor/DATA/keysighB2987A/202409/20240925_197.npy,test3
20240925201256,2024-09-25 20:12:56.411536,198,,0.44992,Empty,45.73228,30.61621,-2.5467950000000004e-06,2.8845898033053407e-09,,,/home/estevesjh/Documents/twilightMonitor/DATA/keysighB2987A/202409/20240925_198.npy,test3
20240925201300,2024-09-25 20:13:00.738674,199,,0.449937,Empty,34.53506,30.61621,-2.422671666666666e-06,1.4368126375959494e-09,,,/home/estevesjh/Documents/twilightMonitor/DATA/keysighB2987A/202409/20240925_199.npy,test3
20240925201315,2024-09-25 20:13:15.956254,200,13.866235,14.614858,Empty,89.67553,30.61621,-6.01986886416185e-06,6.061780145623555e-06,,,/home/estevesjh/Documents/twilightMonitor/DATA/keysighB2987A/202409/20240925_200.npy,True
20240925201330,2024-09-25 20:13:30.373639,201,,0.451958,Empty,84.14378,60.95263,-1.5153489166666666e-05,2.298103525539529e-07,,,/home/estevesjh/Documents/twilightMonitor/DATA/keysighB2987A/202409/20240925_201.npy,test3
20240925201334,2024-09-25 20:13:34.682809,202,,0.449924,Empty,72.76724,60.95263,-3.0386616666666665e-06,1.952199469757694e-07,,,/home/estevesjh/Documents/twilightMonitor/DATA/keysighB2987A/202409/20240925_202.npy,test3
20240925201339,2024-09-25 20:13:39.257401,203,,0.463929,Empty,63.40806,60.95263,-1.0777679166666666e-06,6.045135971152522e-09,,,/home/estevesjh/Documents/twilightMonitor/DATA/keysighB2987A/202409/20240925_203.npy,test3
20240925201343,2024-09-25 20:13:43.825680,204,,0.457567,Empty,53.22307,60.95263,-1.715479e-06,6.6762762450336325e-09,,,/home/estevesjh/Documents/twilightMonitor/DATA/keysighB2987A/202409/20240925_204.npy,test3
20240925201348,2024-09-25 20:13:48.152224,205,,0.449876,Empty,44.21863,60.95263,-2.204658333333333e-06,6.1040394184688195e-09,,,/home/estevesjh/Documents/twilightMonitor/DATA/keysighB2987A/202409/20240925_205.npy,test3
20240925201352,2024-09-25 20:13:52.461643,206,,0.451823,Empty,35.6948,60.95263,-2.326214166666667e-06,1.021261134850222e-09,,,/home/estevesjh/Documents/twilightMonitor/DATA/keysighB2987A/202409/20240925_206.npy,test3
20240925201407,2024-09-25 20:14:07.878853,207,13.996415,14.751422,Empty,89.17418,60.95263,-5.336408392550145e-06,6.191100055177053e-06,,,/home/estevesjh/Documents/twilightMonitor/DATA/keysighB2987A/202409/20240925_207.npy,True
20240925201422,2024-09-25 20:14:22.274921,208,,0.449894,Empty,84.22863,90.88406,-1.5716239999999996e-05,2.634870768178205e-07,,,/home/estevesjh/Documents/twilightMonitor/DATA/keysighB2987A/202409/20240925_208.npy,test3
20240925201426,2024-09-25 20:14:26.609457,209,,0.449952,Empty,73.24899,90.88406,-2.949365e-06,1.1928053344252508e-07,,,/home/estevesjh/Documents/twilightMonitor/DATA/keysighB2987A/202409/20240925_209.npy,test3
20240925201430,2024-09-25 20:14:30.919717,210,,0.449908,Empty,64.06746,90.88406,-7.5785625e-06,1.4789344064364945e-07,,,/home/estevesjh/Documents/twilightMonitor/DATA/keysighB2987A/202409/20240925_210.npy,test3
20240925201435,2024-09-25 20:14:35.245217,211,,0.449824,Empty,55.13224,90.88406,-1.2879050833333333e-05,2.38753668238254e-08,,,/home/estevesjh/Documents/twilightMonitor/DATA/keysighB2987A/202409/20240925_211.npy,test3
20240925201439,2024-09-25 20:14:39.555825,212,,0.449934,Empty,44.50818,90.88406,-9.439319166666666e-06,1.356081968674421e-07,,,/home/estevesjh/Documents/twilightMonitor/DATA/keysighB2987A/202409/20240925_212.npy,test3
20240925201443,2024-09-25 20:14:43.864252,213,,0.449922,Empty,34.85656,90.88406,-3.145943333333333e-06,7.812131349524416e-08,,,/home/estevesjh/Documents/twilightMonitor/DATA/keysighB2987A/202409/20240925_213.npy,test3
20240925201459,2024-09-25 20:14:59.041226,214,13.78586,14.575803,Empty,89.24752,90.88406,-9.43814171511628e-06,5.2264767643593925e-06,,,/home/estevesjh/Documents/twilightMonitor/DATA/keysighB2987A/202409/20240925_214.npy,True
20240925201513,2024-09-25 20:15:13.454731,215,,0.449886,Empty,83.59074,120.77555,-1.5269594166666662e-05,3.2044714508163773e-07,,,/home/estevesjh/Documents/twilightMonitor/DATA/keysighB2987A/202409/20240925_215.npy,test3
20240925201517,2024-09-25 20:15:17.763645,216,,0.451016,Empty,72.34396,120.77555,-1.595643333333333e-06,1.278459352328245e-07,,,/home/estevesjh/Documents/twilightMonitor/DATA/keysighB2987A/202409/20240925_216.npy,test3
20240925201522,2024-09-25 20:15:22.071889,217,,0.4499019999999999,Empty,63.02283,120.77555,-6.146213333333333e-06,1.3841232846904286e-07,,,/home/estevesjh/Documents/twilightMonitor/DATA/keysighB2987A/202409/20240925_217.npy,test3
20240925201526,2024-09-25 20:15:26.379449,218,,0.4499189999999999,Empty,53.95313,120.77555,-1.0698133333333334e-05,1.5810244744749837e-08,,,/home/estevesjh/Documents/twilightMonitor/DATA/keysighB2987A/202409/20240925_218.npy,test3
20240925201530,2024-09-25 20:15:30.686778,219,,0.449919,Empty,42.74767,120.77555,-8.179949166666667e-06,9.207317746031636e-08,,,/home/estevesjh/Documents/twilightMonitor/DATA/keysighB2987A/202409/20240925_219.npy,test3
20240925201534,2024-09-25 20:15:34.991168,220,,0.449874,Empty,33.81299,120.77555,-3.1361083333333333e-06,2.341994244169319e-07,,,/home/estevesjh/Documents/twilightMonitor/DATA/keysighB2987A/202409/20240925_220.npy,test3
20240925201550,2024-09-25 20:15:50.541660,221,14.0467525,14.950561,Empty,87.58948,120.77555,-8.893538347578346e-06,5.963327360087081e-06,,,/home/estevesjh/Documents/twilightMonitor/DATA/keysighB2987A/202409/20240925_221.npy,True
20240925201604,2024-09-25 20:16:04.678914,222,,0.472546,Empty,82.90215,150.82302,-1.912750833333333e-05,4.91375449560268e-07,,,/home/estevesjh/Documents/twilightMonitor/DATA/keysighB2987A/202409/20240925_222.npy,test3
20240925201608,2024-09-25 20:16:08.990156,223,,0.449888,Empty,73.46246,150.82302,-3.2427283333333334e-06,2.118787846400757e-07,,,/home/estevesjh/Documents/twilightMonitor/DATA/keysighB2987A/202409/20240925_223.npy,test3
20240925201613,2024-09-25 20:16:13.576752,224,,0.455057,Empty,63.45038,150.82302,-6.154414166666667e-07,9.553359160162236e-09,,,/home/estevesjh/Documents/twilightMonitor/DATA/keysighB2987A/202409/20240925_224.npy,test3
20240925201617,2024-09-25 20:16:17.900733,225,,0.44993,Empty,53.93582,150.82302,-3.892571666666667e-06,8.14720171626772e-08,,,/home/estevesjh/Documents/twilightMonitor/DATA/keysighB2987A/202409/20240925_225.npy,test3
20240925201622,2024-09-25 20:16:22.204647,226,,0.449883,Empty,45.21881,150.82302,-7.104753333333332e-06,9.96892114969754e-09,,,/home/estevesjh/Documents/twilightMonitor/DATA/keysighB2987A/202409/20240925_226.npy,test3
20240925201626,2024-09-25 20:16:26.513565,227,,0.449842,Empty,36.75437,150.82302,-6.781318333333334e-06,5.6029389138399665e-08,,,/home/estevesjh/Documents/twilightMonitor/DATA/keysighB2987A/202409/20240925_227.npy,test3
20240925201641,2024-09-25 20:16:41.646347,228,13.71391,14.533871,Empty,89.51542,150.82302,-7.65343746491228e-06,7.122267578333882e-06,,,/home/estevesjh/Documents/twilightMonitor/DATA/keysighB2987A/202409/20240925_228.npy,True
20240925201655,2024-09-25 20:16:55.784505,229,,0.466703,Empty,82.32754,-179.07256,-2.1013191666666666e-05,5.098458042361655e-07,,,/home/estevesjh/Documents/twilightMonitor/DATA/keysighB2987A/202409/20240925_229.npy,test3
20240925201700,2024-09-25 20:17:00.095560,230,,0.450056,Empty,72.83372,-179.07256,-4.044125833333334e-06,2.1343240625774762e-07,,,/home/estevesjh/Documents/twilightMonitor/DATA/keysighB2987A/202409/20240925_230.npy,test3
20240925201704,2024-09-25 20:17:04.405775,231,,0.449956,Empty,63.68229,-179.07256,-4.5824225e-06,8.937700171418076e-08,,,/home/estevesjh/Documents/twilightMonitor/DATA/keysighB2987A/202409/20240925_231.npy,test3
20240925201708,2024-09-25 20:17:08.713346,232,,0.449864,Empty,53.11176,-179.07256,-7.342873333333333e-06,1.1637272971887532e-08,,,/home/estevesjh/Documents/twilightMonitor/DATA/keysighB2987A/202409/20240925_232.npy,test3
20240925201713,2024-09-25 20:17:13.035938,233,,0.449934,Empty,44.14178,-179.07256,-5.061979166666667e-06,8.180481877191318e-08,,,/home/estevesjh/Documents/twilightMonitor/DATA/keysighB2987A/202409/20240925_233.npy,test3
20240925201717,2024-09-25 20:17:17.608807,234,,0.463668,Empty,33.84204,-179.07256,-6.986899166666666e-07,1.2212562148994617e-08,,,/home/estevesjh/Documents/twilightMonitor/DATA/keysighB2987A/202409/20240925_234.npy,test3
20240925201733,2024-09-25 20:17:33.153192,235,14.03949,14.898022,Empty,88.96689,-179.07256,-8.633594405714284e-06,8.057093371653485e-06,,,/home/estevesjh/Documents/twilightMonitor/DATA/keysighB2987A/202409/20240925_235.npy,True
20240925202917,2024-09-25 20:29:17.601647,236,,0.403729,Empty,72.75291,0.0,-5.489556e-06,3.263221119446245e-07,,,/home/estevesjh/Documents/twilightMonitor/DATA/keysighB2987A/202409/20240925_236.npy,test3
20240925202921,2024-09-25 20:29:21.441901,237,,0.403794,Empty,63.02252,0.0,-2.5164679999999995e-06,2.933588137418072e-08,,,/home/estevesjh/Documents/twilightMonitor/DATA/keysighB2987A/202409/20240925_237.npy,test3
20240925202925,2024-09-25 20:29:25.277046,238,,0.403782,Empty,52.7516,0.0,-2.87846e-06,1.6022858671285592e-09,,,/home/estevesjh/Documents/twilightMonitor/DATA/keysighB2987A/202409/20240925_238.npy,test3
20240925202929,2024-09-25 20:29:29.111793,239,,0.4037989999999999,Empty,42.01944,0.0,-2.5671740000000003e-06,1.4382992178263888e-08,,,/home/estevesjh/Documents/twilightMonitor/DATA/keysighB2987A/202409/20240925_239.npy,test3
20240925202932,2024-09-25 20:29:32.943114,240,,0.403807,Empty,31.98151,0.0,-2.252566e-06,7.576927081607633e-09,,,/home/estevesjh/Documents/twilightMonitor/DATA/keysighB2987A/202409/20240925_240.npy,test3
20240925202936,2024-09-25 20:29:36.778454,241,,0.403717,Empty,22.09857,0.0,-2.08403e-06,5.772157309013574e-09,,,/home/estevesjh/Documents/twilightMonitor/DATA/keysighB2987A/202409/20240925_241.npy,test3
20240925202954,2024-09-25 20:29:54.664104,242,16.9753575,17.32265,Empty,87.78983,0.0,-5.709264023668639e-06,6.0116592848431295e-06,,,/home/estevesjh/Documents/twilightMonitor/DATA/keysighB2987A/202409/20240925_242.npy,True
20240925203008,2024-09-25 20:30:08.520997,243,,0.403715,Empty,82.63989,30.26971,-1.4438968e-05,3.750527570569244e-07,,,/home/estevesjh/Documents/twilightMonitor/DATA/keysighB2987A/202409/20240925_243.npy,test3
20240925203012,2024-09-25 20:30:12.358476,244,,0.403722,Empty,72.43987,30.26971,-3.313778e-06,3.035653499594445e-07,,,/home/estevesjh/Documents/twilightMonitor/DATA/keysighB2987A/202409/20240925_244.npy,test3
20240925203016,2024-09-25 20:30:16.388047,245,,0.404076,Empty,62.28163,30.26971,-7.92e+37,3.96e+37,,,/home/estevesjh/Documents/twilightMonitor/DATA/keysighB2987A/202409/20240925_245.npy,test3
20240925203020,2024-09-25 20:30:20.228215,246,,0.403818,Empty,52.89936,30.26971,-2.613816e-06,6.301049436403435e-09,,,/home/estevesjh/Documents/twilightMonitor/DATA/keysighB2987A/202409/20240925_246.npy,test3
20240925203024,2024-09-25 20:30:24.060834,247,,0.403791,Empty,43.15906,30.26971,-2.5618420000000005e-06,7.239440309858141e-09,,,/home/estevesjh/Documents/twilightMonitor/DATA/keysighB2987A/202409/20240925_247.npy,test3
20240925203027,2024-09-25 20:30:27.891871,248,,0.4037469999999999,Empty,33.58527,30.26971,-2.40786e-06,4.487827982443246e-09,,,/home/estevesjh/Documents/twilightMonitor/DATA/keysighB2987A/202409/20240925_248.npy,test3
20240925203042,2024-09-25 20:30:42.991745,249,14.1036825,14.549073,Empty,88.07359,30.26971,-5.652522595744681e-06,5.721140707271669e-06,,,/home/estevesjh/Documents/twilightMonitor/DATA/keysighB2987A/202409/20240925_249.npy,True
20240925203056,2024-09-25 20:30:56.843571,250,,0.4037449999999999,Empty,81.61424,60.15669,-1.3726312e-05,4.109161483027893e-07,,,/home/estevesjh/Documents/twilightMonitor/DATA/keysighB2987A/202409/20240925_250.npy,test3
20240925203100,2024-09-25 20:31:00.675970,251,,0.403715,Empty,71.63631,60.15669,-2.184914e-06,2.859201644935173e-07,,,/home/estevesjh/Documents/twilightMonitor/DATA/keysighB2987A/202409/20240925_251.npy,test3
20240925203104,2024-09-25 20:31:04.683065,252,,0.403762,Empty,61.76199,60.15669,-1.1685644000000002e-06,1.735601524083221e-08,,,/home/estevesjh/Documents/twilightMonitor/DATA/keysighB2987A/202409/20240925_252.npy,test3
20240925203108,2024-09-25 20:31:08.692731,253,,0.404024,Empty,51.9482,60.15669,-1.7794602e-06,1.5546084927080498e-08,,,/home/estevesjh/Documents/twilightMonitor/DATA/keysighB2987A/202409/20240925_253.npy,test3
20240925203112,2024-09-25 20:31:12.530314,254,,0.403782,Empty,45.35337,60.15669,-2.121636e-06,4.29508835764763e-09,,,/home/estevesjh/Documents/twilightMonitor/DATA/keysighB2987A/202409/20240925_254.npy,test3
20240925203116,2024-09-25 20:31:16.363207,255,,0.403771,Empty,35.37002,60.15669,-2.192848e-06,1.532676091025086e-09,,,/home/estevesjh/Documents/twilightMonitor/DATA/keysighB2987A/202409/20240925_255.npy,test3
20240925203130,2024-09-25 20:31:30.979112,256,13.657495,14.060867,Empty,86.19712,60.15669,-4.25851080882353e-06,5.017069719569701e-06,,,/home/estevesjh/Documents/twilightMonitor/DATA/keysighB2987A/202409/20240925_256.npy,True
20240925203144,2024-09-25 20:31:44.834592,257,,0.403763,Empty,79.72496,89.9894,-1.0519874e-05,4.912914988313961e-07,,,/home/estevesjh/Documents/twilightMonitor/DATA/keysighB2987A/202409/20240925_257.npy,test3
20240925203148,2024-09-25 20:31:48.667896,258,,0.4037389999999999,Empty,69.76472,89.9894,-2.612476e-06,1.8751529288034082e-07,,,/home/estevesjh/Documents/twilightMonitor/DATA/keysighB2987A/202409/20240925_258.npy,test3
20240925203152,2024-09-25 20:31:52.500732,259,,0.403783,Empty,62.66176,89.9894,-9.140128e-06,1.9358218920138305e-07,,,/home/estevesjh/Documents/twilightMonitor/DATA/keysighB2987A/202409/20240925_259.npy,test3
20240925203156,2024-09-25 20:31:56.335454,260,,0.4037349999999999,Empty,52.43452,89.9894,-1.0602331999999998e-05,1.0235764307563947e-07,,,/home/estevesjh/Documents/twilightMonitor/DATA/keysighB2987A/202409/20240925_260.npy,test3
20240925203200,2024-09-25 20:32:00.169453,261,,0.403798,Empty,42.25479,89.9894,-5.38476e-06,2.0942111058821166e-07,,,/home/estevesjh/Documents/twilightMonitor/DATA/keysighB2987A/202409/20240925_261.npy,test3
20240925203204,2024-09-25 20:32:04.003109,262,,0.403769,Empty,32.14908,89.9894,-2.462772e-06,8.144758805514261e-09,,,/home/estevesjh/Documents/twilightMonitor/DATA/keysighB2987A/202409/20240925_262.npy,test3
20240925203219,2024-09-25 20:32:19.307233,263,14.46273,14.74788,Empty,85.37672,89.9894,-7.637015208333333e-06,4.6986150168776045e-06,,,/home/estevesjh/Documents/twilightMonitor/DATA/keysighB2987A/202409/20240925_263.npy,True
20240925203233,2024-09-25 20:32:33.161008,264,,0.403759,Empty,81.7883,120.01956,-1.2785858e-05,5.439668680131169e-07,,,/home/estevesjh/Documents/twilightMonitor/DATA/keysighB2987A/202409/20240925_264.npy,test3
20240925203237,2024-09-25 20:32:37.163059,265,,0.403775,Empty,71.74152,120.01956,-1.4784824e-06,5.694893959188354e-08,,,/home/estevesjh/Documents/twilightMonitor/DATA/keysighB2987A/202409/20240925_265.npy,test3
20240925203240,2024-09-25 20:32:40.997053,266,,0.403741,Empty,62.07899,120.01956,-7.903825999999998e-06,2.611557088481891e-07,,,/home/estevesjh/Documents/twilightMonitor/DATA/keysighB2987A/202409/20240925_266.npy,test3
20240925203244,2024-09-25 20:32:44.822715,267,,0.403715,Empty,52.14779,120.01956,-1.2572602e-05,2.9119457687258043e-08,,,/home/estevesjh/Documents/twilightMonitor/DATA/keysighB2987A/202409/20240925_267.npy,test3
20240925203248,2024-09-25 20:32:48.653713,268,,0.403782,Empty,42.25502,120.01956,-9.480683999999998e-06,2.073641589667799e-07,,,/home/estevesjh/Documents/twilightMonitor/DATA/keysighB2987A/202409/20240925_268.npy,test3
20240925203252,2024-09-25 20:32:52.477393,269,,0.4037079999999999,Empty,35.22403,120.01956,-3.813566e-06,1.569597101934123e-07,,,/home/estevesjh/Documents/twilightMonitor/DATA/keysighB2987A/202409/20240925_269.npy,test3
20240925203306,2024-09-25 20:33:06.993069,270,13.6939925,13.963079,Empty,84.71664,120.01956,-8.412430272058824e-06,4.526410853456804e-06,,,/home/estevesjh/Documents/twilightMonitor/DATA/keysighB2987A/202409/20240925_270.npy,True
20240925203320,2024-09-25 20:33:20.848185,271,,0.403752,Empty,78.79805,150.08388,-1.1295512e-05,5.784146988588727e-07,,,/home/estevesjh/Documents/twilightMonitor/DATA/keysighB2987A/202409/20240925_271.npy,test3
20240925203324,2024-09-25 20:33:24.853033,272,,0.403779,Empty,68.7711,150.08388,-5.69758e-07,4.163607906611742e-09,,,/home/estevesjh/Documents/twilightMonitor/DATA/keysighB2987A/202409/20240925_272.npy,test3
20240925203328,2024-09-25 20:33:28.871280,273,,0.4048739999999999,Empty,59.00122,150.08388,-1.7988886000000002e-06,9.009460806640985e-08,,,/home/estevesjh/Documents/twilightMonitor/DATA/keysighB2987A/202409/20240925_273.npy,test3
20240925203332,2024-09-25 20:33:32.711356,274,,0.40378,Empty,49.60613,150.08388,-5.391922e-06,1.2240970866724578e-07,,,/home/estevesjh/Documents/twilightMonitor/DATA/keysighB2987A/202409/20240925_274.npy,test3
20240925203336,2024-09-25 20:33:36.545415,275,,0.403729,Empty,42.74333,150.08388,-7.258859999999999e-06,1.0717787085028374e-08,,,/home/estevesjh/Documents/twilightMonitor/DATA/keysighB2987A/202409/20240925_275.npy,test3
20240925203340,2024-09-25 20:33:40.377017,276,,0.403759,Empty,32.75884,150.08388,-4.821918e-06,1.2743937561052313e-07,,,/home/estevesjh/Documents/twilightMonitor/DATA/keysighB2987A/202409/20240925_276.npy,test3
20240925203355,2024-09-25 20:33:55.690724,277,14.31029,14.749404,Empty,84.37448,150.08388,-5.516361307692308e-06,4.383126061083733e-06,,,/home/estevesjh/Documents/twilightMonitor/DATA/keysighB2987A/202409/20240925_277.npy,True
20240925203409,2024-09-25 20:34:09.546258,278,,0.403732,Empty,78.86651,179.84927,-1.0567424e-05,6.039237460010993e-07,,,/home/estevesjh/Documents/twilightMonitor/DATA/keysighB2987A/202409/20240925_278.npy,test3
20240925203413,2024-09-25 20:34:13.547466,279,,0.403776,Empty,68.57608,179.84927,-5.939999999999999e+37,4.8499896907106925e+37,,,/home/estevesjh/Documents/twilightMonitor/DATA/keysighB2987A/202409/20240925_279.npy,test3
20240925203417,2024-09-25 20:34:17.387222,280,,0.403761,Empty,58.78569,179.84927,-5.34498e-06,8.336394088573298e-08,,,/home/estevesjh/Documents/twilightMonitor/DATA/keysighB2987A/202409/20240925_280.npy,test3
20240925203421,2024-09-25 20:34:21.209019,281,,0.403768,Empty,48.52552,179.84927,-5.494486e-06,8.903029115980717e-08,,,/home/estevesjh/Documents/twilightMonitor/DATA/keysighB2987A/202409/20240925_281.npy,test3
20240925203425,2024-09-25 20:34:25.037926,282,,0.40378,Empty,38.39137,179.84927,-1.925934e-06,8.964636893929395e-08,,,/home/estevesjh/Documents/twilightMonitor/DATA/keysighB2987A/202409/20240925_282.npy,test3
20240925203429,2024-09-25 20:34:29.038488,283,,0.403773,Empty,28.28239,179.84927,-5.737198e-07,7.425389508975282e-09,,,/home/estevesjh/Documents/twilightMonitor/DATA/keysighB2987A/202409/20240925_283.npy,test3
20240925203445,2024-09-25 20:34:45.375997,284,15.4294025,15.784605,Empty,85.61351,179.84927,-6.710144662337661e-06,7.34922934552044e-06,,,/home/estevesjh/Documents/twilightMonitor/DATA/keysighB2987A/202409/20240925_284.npy,True
20240925205058,2024-09-25 20:50:58.018087,285,,0.930005,Empty,69.66912,0.0,-5.16101e-06,5.047195328893067e-07,,,/home/estevesjh/Documents/twilightMonitor/DATA/keysighB2987A/202409/20240925_285.npy,test4
20240925205102,2024-09-25 20:51:02.341309,286,,0.929465,Empty,60.47065,0.0,-2.41044e-06,4.0985098999514506e-08,,,/home/estevesjh/Documents/twilightMonitor/DATA/keysighB2987A/202409/20240925_286.npy,test4
20240925205106,2024-09-25 20:51:06.649488,287,,0.929644,Empty,51.50754,0.0,-2.6449819999999996e-06,9.197098238031337e-09,,,/home/estevesjh/Documents/twilightMonitor/DATA/keysighB2987A/202409/20240925_287.npy,test4
20240925205110,2024-09-25 20:51:10.957058,288,,0.9291699999999999,Empty,40.43306,0.0,-2.2803790000000003e-06,2.5814814525771843e-08,,,/home/estevesjh/Documents/twilightMonitor/DATA/keysighB2987A/202409/20240925_288.npy,test4
20240925205115,2024-09-25 20:51:15.410128,289,,0.929737,Empty,31.17978,0.0,-2.0832586999999997e-06,2.830094134476757e-09,,,/home/estevesjh/Documents/twilightMonitor/DATA/keysighB2987A/202409/20240925_289.npy,test4
20240925205119,2024-09-25 20:51:19.861739,290,,0.92961,Empty,20.58446,0.0,-1.9921725e-06,2.6028201724283633e-09,,,/home/estevesjh/Documents/twilightMonitor/DATA/keysighB2987A/202409/20240925_290.npy,test4
20240925205138,2024-09-25 20:51:38.273535,291,17.353885,17.849184,Empty,87.06411,0.0,-5.927980387283238e-06,6.340918628097645e-06,,,/home/estevesjh/Documents/twilightMonitor/DATA/keysighB2987A/202409/20240925_291.npy,True
20240925205152,2024-09-25 20:51:52.603195,292,,0.9293530000000001,Empty,82.33615,29.79779,-1.5589042e-05,5.350491743905412e-07,,,/home/estevesjh/Documents/twilightMonitor/DATA/keysighB2987A/202409/20240925_292.npy,test4
20240925205156,2024-09-25 20:51:56.907254,293,,0.929768,Empty,71.16942,29.79786,-4.209487e-06,5.515229194158662e-07,,,/home/estevesjh/Documents/twilightMonitor/DATA/keysighB2987A/202409/20240925_293.npy,test4
20240925205201,2024-09-25 20:52:01.353683,294,,0.929697,Empty,61.88549,29.79786,-4.95e+37,4.95e+37,,,/home/estevesjh/Documents/twilightMonitor/DATA/keysighB2987A/202409/20240925_294.npy,test4
20240925205205,2024-09-25 20:52:05.663038,295,,0.9301999999999999,Empty,52.87206,29.79786,-2.6115379999999997e-06,9.711749378973888e-09,,,/home/estevesjh/Documents/twilightMonitor/DATA/keysighB2987A/202409/20240925_295.npy,test4
20240925205209,2024-09-25 20:52:09.967178,296,,0.929214,Empty,41.76206,29.79786,-2.4491810000000003e-06,1.7584019705403036e-08,,,/home/estevesjh/Documents/twilightMonitor/DATA/keysighB2987A/202409/20240925_296.npy,test4
20240925205214,2024-09-25 20:52:14.269243,297,,0.929308,Empty,32.60209,29.79786,-2.177014e-06,1.3442051331549076e-08,,,/home/estevesjh/Documents/twilightMonitor/DATA/keysighB2987A/202409/20240925_297.npy,test4
20240925205229,2024-09-25 20:52:29.475805,298,14.3494775,14.648248,Empty,84.14546,29.79786,-5.079592839160839e-06,5.233539370525741e-06,,,/home/estevesjh/Documents/twilightMonitor/DATA/keysighB2987A/202409/20240925_298.npy,True
20240925205243,2024-09-25 20:52:43.811749,299,,0.929256,Empty,78.56628,59.6231,-1.0852109e-05,6.979075498294883e-07,,,/home/estevesjh/Documents/twilightMonitor/DATA/keysighB2987A/202409/20240925_299.npy,test4
20240925205248,2024-09-25 20:52:48.257075,300,,0.9294049999999999,Empty,69.15428,59.6231,-9.041768999999999e-07,5.7119369542126436e-08,,,/home/estevesjh/Documents/twilightMonitor/DATA/keysighB2987A/202409/20240925_300.npy,test4
20240925205252,2024-09-25 20:52:52.710349,301,,0.929217,Empty,60.49947,59.6231,-1.3548265e-06,2.794644788609102e-08,,,/home/estevesjh/Documents/twilightMonitor/DATA/keysighB2987A/202409/20240925_301.npy,test4
20240925205257,2024-09-25 20:52:57.162939,302,,0.929867,Empty,49.39694,59.6231,-1.8694252e-06,1.69793580255556e-08,,,/home/estevesjh/Documents/twilightMonitor/DATA/keysighB2987A/202409/20240925_302.npy,test4
20240925205301,2024-09-25 20:53:01.618458,303,,0.9295490000000001,Empty,40.52927,59.6231,-2.0384229000000003e-06,2.1217089079324757e-09,,,/home/estevesjh/Documents/twilightMonitor/DATA/keysighB2987A/202409/20240925_303.npy,test4
20240925205306,2024-09-25 20:53:06.071843,304,,0.9292530000000001,Empty,29.81647,59.6231,-2.0614684e-06,1.4976759462579955e-09,,,/home/estevesjh/Documents/twilightMonitor/DATA/keysighB2987A/202409/20240925_304.npy,test4
20240925205322,2024-09-25 20:53:22.008694,305,15.045882500000001,15.378451,Empty,89.18257,59.6231,-4.72017192e-06,5.675745339516902e-06,,,/home/estevesjh/Documents/twilightMonitor/DATA/keysighB2987A/202409/20240925_305.npy,True
20240925205336,2024-09-25 20:53:36.350032,306,,0.929483,Empty,82.27181,89.65989,-1.3969954999999999e-05,7.385406549303835e-07,,,/home/estevesjh/Documents/twilightMonitor/DATA/keysighB2987A/202409/20240925_306.npy,test4
20240925205340,2024-09-25 20:53:40.657688,307,,0.929878,Empty,73.29924,89.65989,-2.31949e-06,2.5361643688846356e-07,,,/home/estevesjh/Documents/twilightMonitor/DATA/keysighB2987A/202409/20240925_307.npy,test4
20240925205344,2024-09-25 20:53:44.963632,308,,0.929979,Empty,62.24565,89.65989,-6.882713999999999e-06,3.192226338529272e-07,,,/home/estevesjh/Documents/twilightMonitor/DATA/keysighB2987A/202409/20240925_308.npy,test4
20240925205349,2024-09-25 20:53:49.276300,309,,0.9299890000000001,Empty,53.01226,89.65989,-9.349571000000002e-06,7.206475774607164e-08,,,/home/estevesjh/Documents/twilightMonitor/DATA/keysighB2987A/202409/20240925_309.npy,test4
20240925205353,2024-09-25 20:53:53.583142,310,,0.929849,Empty,44.01858,89.65989,-5.145085e-06,3.1530945032618365e-07,,,/home/estevesjh/Documents/twilightMonitor/DATA/keysighB2987A/202409/20240925_310.npy,test4
20240925205357,2024-09-25 20:53:57.905357,311,,0.9452959999999999,Empty,32.72911,89.65989,-2.2932180000000004e-06,1.686038421863508e-08,,,/home/estevesjh/Documents/twilightMonitor/DATA/keysighB2987A/202409/20240925_311.npy,test4
20240925205413,2024-09-25 20:54:13.119570,312,14.3177225,14.650313,Empty,88.17667,89.65989,-7.388796293706293e-06,5.0355540710379035e-06,,,/home/estevesjh/Documents/twilightMonitor/DATA/keysighB2987A/202409/20240925_312.npy,True
20240925205427,2024-09-25 20:54:27.444725,313,,0.929172,Empty,82.31892,119.69105,-1.422273e-05,8.518536970982752e-07,,,/home/estevesjh/Documents/twilightMonitor/DATA/keysighB2987A/202409/20240925_313.npy,test4
20240925205431,2024-09-25 20:54:31.785397,314,,0.9295129999999999,Empty,71.37336,119.69105,-1.7098630000000002e-06,1.8305118377382872e-07,,,/home/estevesjh/Documents/twilightMonitor/DATA/keysighB2987A/202409/20240925_314.npy,test4
20240925205436,2024-09-25 20:54:36.089276,315,,0.929149,Empty,62.16819,119.69105,-7.932999999999998e-06,4.533350861118075e-07,,,/home/estevesjh/Documents/twilightMonitor/DATA/keysighB2987A/202409/20240925_315.npy,test4
20240925205440,2024-09-25 20:54:40.394103,316,,0.9300849999999999,Empty,53.30144,119.69105,-1.3831118000000003e-05,1.024292123175807e-07,,,/home/estevesjh/Documents/twilightMonitor/DATA/keysighB2987A/202409/20240925_316.npy,test4
20240925205444,2024-09-25 20:54:44.707288,317,,0.9295869999999999,Empty,44.66631,119.69105,-1.1436737999999999e-05,3.304809708833478e-07,,,/home/estevesjh/Documents/twilightMonitor/DATA/keysighB2987A/202409/20240925_317.npy,test4
20240925205449,2024-09-25 20:54:49.015635,318,,0.929336,Empty,33.81109,119.69105,-4.899982e-06,3.349445041137411e-07,,,/home/estevesjh/Documents/twilightMonitor/DATA/keysighB2987A/202409/20240925_318.npy,test4
20240925205504,2024-09-25 20:55:04.019069,319,14.0472275,14.445604000000001,Empty,88.31359,119.69105,-9.995332042857141e-06,5.370196433579703e-06,,,/home/estevesjh/Documents/twilightMonitor/DATA/keysighB2987A/202409/20240925_319.npy,True
20240925205518,2024-09-25 20:55:18.348967,320,,0.9296719999999999,Empty,81.57559,149.08934,-1.5641157000000004e-05,9.358334435042376e-07,,,/home/estevesjh/Documents/twilightMonitor/DATA/keysighB2987A/202409/20240925_320.npy,test4
20240925205522,2024-09-25 20:55:22.654720,321,,0.930112,Empty,72.56963,149.08934,-1.4021e-06,4.419376356455739e-07,,,/home/estevesjh/Documents/twilightMonitor/DATA/keysighB2987A/202409/20240925_321.npy,test4
20240925205527,2024-09-25 20:55:27.100755,322,,0.929354,Empty,61.31202,149.08934,-8.616653999999999e-07,9.654703563258687e-08,,,/home/estevesjh/Documents/twilightMonitor/DATA/keysighB2987A/202409/20240925_322.npy,test4
20240925205531,2024-09-25 20:55:31.413315,323,,0.929536,Empty,52.74535,149.08934,-3.963355e-06,1.934924674632065e-07,,,/home/estevesjh/Documents/twilightMonitor/DATA/keysighB2987A/202409/20240925_323.npy,test4
20240925205535,2024-09-25 20:55:35.720752,324,,0.929744,Empty,43.86137,149.08934,-6.421059e-06,3.353981826128473e-08,,,/home/estevesjh/Documents/twilightMonitor/DATA/keysighB2987A/202409/20240925_324.npy,test4
20240925205540,2024-09-25 20:55:40.037578,325,,0.941327,Empty,32.19848,149.08934,-4.833165e-06,1.7620526202415185e-07,,,/home/estevesjh/Documents/twilightMonitor/DATA/keysighB2987A/202409/20240925_325.npy,test4
20240925205555,2024-09-25 20:55:55.449643,326,14.45038,14.851762,Empty,87.35695,149.08934,-6.846421194444445e-06,6.783807062327647e-06,,,/home/estevesjh/Documents/twilightMonitor/DATA/keysighB2987A/202409/20240925_326.npy,True
20240925205609,2024-09-25 20:56:09.649276,327,,0.922944,Empty,83.22708,178.62762,-1.991918e-05,1.1601697779204562e-06,,,/home/estevesjh/Documents/twilightMonitor/DATA/keysighB2987A/202409/20240925_327.npy,test4
20240925205613,2024-09-25 20:56:13.965459,328,,0.9295779999999999,Empty,71.9649,178.62762,-3.556621e-06,6.688078306427041e-07,,,/home/estevesjh/Documents/twilightMonitor/DATA/keysighB2987A/202409/20240925_328.npy,test4
20240925205618,2024-09-25 20:56:18.273693,329,,0.9295760000000001,Empty,63.06651,178.62762,-2.6764040000000004e-06,1.4833782647726772e-07,,,/home/estevesjh/Documents/twilightMonitor/DATA/keysighB2987A/202409/20240925_329.npy,test4
20240925205622,2024-09-25 20:56:22.580320,330,,0.929976,Empty,53.94124,178.62762,-4.8314399999999994e-06,5.969573435346949e-08,,,/home/estevesjh/Documents/twilightMonitor/DATA/keysighB2987A/202409/20240925_330.npy,test4
20240925205626,2024-09-25 20:56:26.898079,331,,0.939323,Empty,43.41294,178.62762,-3.893009000000001e-06,1.3038500975572308e-07,,,/home/estevesjh/Documents/twilightMonitor/DATA/keysighB2987A/202409/20240925_331.npy,test4
20240925205631,2024-09-25 20:56:31.204084,332,,0.9297669999999999,Empty,34.42878,178.62762,-2.267119e-06,9.413679901611265e-08,,,/home/estevesjh/Documents/twilightMonitor/DATA/keysighB2987A/202409/20240925_332.npy,test4
20240925205646,2024-09-25 20:56:46.006353,333,13.892805,14.245225,Empty,87.87248,178.62762,-7.168909637681159e-06,7.4954720478855285e-06,,,/home/estevesjh/Documents/twilightMonitor/DATA/keysighB2987A/202409/20240925_333.npy,True
